name,category,address,phone,lat,lng,distance,walk_time
하이레,"음식점 > 일식 > 돈까스,우동",서울 노원구 광운로12길 6,,37.62096077851908,127.05941713733176,203,9
화로상회 광운대점,음식점 > 뷔페 > 고기뷔페,서울 노원구 광운로 37,02-941-2292,37.62077461782266,127.05873055905124,160,8
마떡다이천 광운대본점,음식점 > 분식 > 떡볶이,서울 노원구 석계로 106,02-976-4841,37.6231064273819,127.060407743094,455,12
일심해장국 월계점,음식점 > 한식 > 해장국,서울 노원구 석계로15길 25,02-909-1640,37.621977651357454,127.06183634914686,427,12
더원,음식점 > 중식,서울 노원구 광운로 61,02-909-5477,37.6230814538525,127.05990930937736,436,12
윤스쿡,"음식점 > 일식 > 돈까스,우동",서울 노원구 광운로 29,,37.6203107561798,127.058434555295,104,7
진미통닭,음식점 > 치킨,서울 노원구 광운로 45,02-918-3492,37.6214654962473,127.059089046317,243,10
수해복마라탕 광운대점,음식점 > 중식 > 중국요리,서울 노원구 광운로 39,02-917-3303,37.6210745477174,127.058929022312,197,9
도미노피자 월계점,음식점 > 양식 > 피자 > 도미노피자,서울 노원구 광운로 52,02-915-3082,37.6219391607872,127.059595756284,307,10
디델리 광운대점,음식점 > 분식,서울 노원구 광운로 31,02-3292-1194,37.6204440641234,127.058511684455,120,8
이층집,"음식점 > 한식 > 찌개,전골",서울 노원구 광운로 17-5,02-941-3588,37.6193669821635,127.057495939695,67,8
삼대냉면,음식점 > 한식 > 냉면,서울 노원구 석계로9길 33,,37.61666051655156,127.0626066854087,488,16
마포연탄불고기,"음식점 > 한식 > 육류,고기 > 불고기,두루치기",서울 노원구 석계로18길 4,02-915-2826,37.623230699702965,127.0605324472798,472,13
김밥천국,음식점 > 분식,서울 노원구 광운로 33,02-942-7804,37.620528733322885,127.05855932501957,130,8
팔팔전어횟집,"음식점 > 한식 > 해물,생선 > 회",서울 노원구 광운로 25,02-914-8876,37.6200477642131,127.058239523003,74,7
꽃제비칼국수,음식점 > 한식 > 국수 > 칼국수,서울 노원구 광운로12길 13,02-911-8371,37.6213083069597,127.05991694832,259,10
미식성,음식점 > 중식 > 중국요리,서울 노원구 광운로 9,02-915-6020,37.6187111624562,127.057291550168,113,9
여우곱창,"음식점 > 한식 > 육류,고기 > 곱창,막창",서울 노원구 광운로 68,02-919-3339,37.6233155258228,127.060271980912,471,13
영축산정육식당,"음식점 > 한식 > 육류,고기",서울 노원구 광운로 52,02-915-6221,37.6217895178956,127.059751954723,298,10
푸른스시,"음식점 > 일식 > 초밥,롤",서울 노원구 광운로 33,0503-7150-4889,37.620592674732514,127.05861714390358,138,8
맛불,음식점 > 한식,서울 노원구 광운로 39,010-3489-3056,37.6210709511218,127.058914294016,196,9
브레댄코 광운대점,"음식점 > 간식 > 제과,베이커리 > 브레댄코",서울 노원구 광운로 20,02-941-6108,37.61945936520447,127.05834893621858,11,6
와플대학 광운대캠퍼스,"음식점 > 간식 > 제과,베이커리 > 와플대학",서울 노원구 광운로 64,02-941-3890,37.62283985104657,127.06018097652368,419,11
한라산감자탕,음식점 > 한식 > 감자탕,서울 노원구 석계로15길 17,010-6482-8321,37.6223654328671,127.061151358349,418,10
동대문엽기떡볶이 월계점,음식점 > 분식 > 떡볶이 > 동대문엽기떡볶이,서울 노원구 광운로 39,02-911-8591,37.6210601206078,127.05895166547,196,9
중화호반닭갈비 광운대점,"음식점 > 한식 > 육류,고기 > 닭요리",서울 노원구 광운로 53,02-942-0799,37.6224564534593,127.059345831815,355,11
양드림,"음식점 > 한식 > 육류,고기",서울 노원구 광운로2길 27,02-943-3408,37.617420329985926,127.05855009108576,218,11
청년다방 광운대점,음식점 > 분식 > 떡볶이 > 청년다방,서울 노원구 광운로 44,02-6085-9124,37.62135716432966,127.05951373500557,246,9
신연마라탕,음식점 > 중식,서울 노원구 광운로 35,02-909-2838,37.6206962708118,127.058652339616,150,8
써브웨이 광운대역점,음식점 > 패스트푸드 > 샌드위치 > 써브웨이,서울 노원구 광운로 57,02-942-7779,37.62266353825251,127.05962805159403,384,11
목포홍탁,"음식점 > 한식 > 해물,생선",서울 노원구 광운로1길 10,02-914-3703,37.61867438098913,127.05696304151887,138,10
이삭토스트 광운대점,음식점 > 간식 > 토스트 > 이삭토스트,서울 노원구 광운로 37-1,02-943-0799,37.620878192415546,127.0588087985225,173,8
후문식당,음식점 > 분식,서울 노원구 석계로13길 25-1,02-916-8745,37.62016962097997,127.06135458099394,287,7
맛닭꼬 광운대점,음식점 > 치킨 > 맛닭꼬,서울 노원구 광운로 61,02-942-3492,37.62309584950046,127.05994896746643,438,12
스시덤,"음식점 > 일식 > 초밥,롤",서울 노원구 광운로2길 6,02-2088-8070,37.6180921113138,127.057440589225,160,9
카츠백 월계점,"음식점 > 일식 > 돈까스,우동 > 카츠백",서울 노원구 광운로 44,02-6953-2204,37.621340953417,127.059500129304,243,9
밥은화 광운대본점,음식점 > 한식,서울 노원구 광운로12길 11,02-3292-7979,37.6212795351311,127.059799121243,250,9
장수국수 광운대점,음식점 > 한식 > 국수,서울 노원구 광운로 27,070-8111-2595,37.6202243174404,127.058321216179,94,7
또와집순대국,음식점 > 한식 > 순대,서울 노원구 광운로19길 13,02-943-2207,37.62326079906855,127.05981316864523,452,13
경대컵밥 광운대점,음식점 > 도시락,서울 노원구 광운로 17-13,02-941-1047,37.619597802211,127.057151775086,100,9
미미식당 월계점,"음식점 > 한식 > 육류,고기",서울 노원구 석계로18길 5,,37.6232722135876,127.06039881516,471,13
빈대떡신사,"음식점 > 술집 > 호프,요리주점",서울 노원구 광운로 70,02-774-9595,37.6234669008526,127.060253978908,486,13
사계절김밥,음식점 > 분식,서울 노원구 광운로 72,02-941-7789,37.6235588107524,127.060235928848,495,13
국수천왕 광운대점,음식점 > 한식,서울 노원구 광운로 46,02-909-1236,37.621806873755745,127.0610489543484,365,11
맘스터치 광운대점,음식점 > 패스트푸드 > 맘스터치,서울 노원구 광운로 33,02-941-7674,37.6205710814027,127.058555960075,134,8
1일1잔,음식점 > 카페 > 테마카페 > 디저트카페,서울 노원구 광운로2길 6,,37.6180767967353,127.057436046716,161,9
월계청춘카페,음식점 > 카페,서울 노원구 광운로 44,070-4174-7755,37.6213607728479,127.059504676027,246,9
컴포즈커피 광운대80주년기념관점,음식점 > 카페 > 커피전문점 > 컴포즈커피,서울 노원구 광운로 20,02-909-1617,37.62030155947812,127.05881060974359,113,5
빠말,음식점 > 카페 > 테마카페 > 디저트카페,서울 노원구 광운로 7,070-7677-8341,37.6185733102653,127.057293709771,123,9
스타벅스 광운대점,음식점 > 카페 > 커피전문점 > 스타벅스,서울 노원구 석계로 104,1522-3232,37.6231891063632,127.060820134493,479,13
카페니니,음식점 > 카페,서울 노원구 광운로 59,02-2138-1884,37.6227500329914,127.05962812068,393,12
설빙 광운대점,음식점 > 카페 > 테마카페 > 디저트카페 > 설빙,서울 노원구 광운로 25,02-6953-9749,37.6200694057919,127.058203293092,76,7
메가MGC커피 광운대점,음식점 > 카페 > 커피전문점 > 메가MGC커피,서울 노원구 광운로 35,02-942-1005,37.62068904770362,127.05868291742625,150,8
카페베르데,음식점 > 카페,서울 노원구 광운로 17-3,,37.6192876400272,127.057609148638,58,8
광운커피,음식점 > 카페,서울 노원구 광운로 25,010-4190-3569,37.6200685020056,127.058208955948,76,7
공차 광운대점,음식점 > 카페 > 공차,서울 노원구 광운로 20,02-943-8523,37.62001145287181,127.05878772699671,84,5
매머드익스프레스 광운대정문점,음식점 > 카페 > 커피전문점 > 매머드익스프레스,서울 노원구 광운로 27,,37.6202171095369,127.058321210548,93,7
요거프레소 광운대점,음식점 > 카페 > 테마카페 > 디저트카페 > 요거프레소,서울 노원구 광운로 17-9,,37.6194139216729,127.057314743468,83,9
빽다방 광운대점,음식점 > 카페 > 커피전문점 > 빽다방,서울 노원구 광운로 43,070-7752-5322,37.62131326117863,127.05902549288251,225,9
우우즈,음식점 > 카페,서울 노원구 광운로12길 32,,37.6212465148617,127.060942019495,314,8
메가MGC커피 광운대역점,음식점 > 카페 > 커피전문점 > 메가MGC커피,서울 노원구 석계로 103,02-942-9917,37.6229242932203,127.06067039501,447,12
요거트아이스크림의정석 광운대점,음식점 > 카페 > 테마카페 > 디저트카페 > 요거트아이스크림의정석,서울 노원구 광운로 60,010-5949-2407,37.62265074300844,127.05998599082864,394,11
서울수플레,음식점 > 카페,서울 노원구 광운로17길 13,0504-823-0663,37.6224215775715,127.058821341782,341,12
카페빈둥,음식점 > 카페 > 커피전문점,서울 노원구 석계로15길 17,,37.6223816535661,127.061145707899,419,10
메타킹커피 광운대점,음식점 > 카페,서울 노원구 광운로12길 5,,37.6212247477794,127.059456992958,230,9
이디야커피 광운대점,음식점 > 카페 > 커피전문점 > 이디야커피,서울 노원구 광운로 29,02-942-0937,37.6203251764627,127.058425504853,106,7
오쎄,음식점 > 카페,서울 노원구 광운로 62,02-918-5508,37.6227245870602,127.060058546328,403,11
매머드익스프레스 광운대후문점,음식점 > 카페 > 커피전문점 > 매머드익스프레스,서울 노원구 석계로13길 23,,37.6202136590307,127.061566434787,306,7
성북시니어 클럽 장위지점,음식점 > 카페 > 커피전문점,서울 성북구 한천로 708,,37.6200887443682,127.053513878053,426,19
모모,음식점 > 카페,서울 노원구 석계로9길 33,070-7612-1132,37.61669744983151,127.06262030830825,486,16
CORD Jr.,음식점 > 카페 > 커피전문점,서울 노원구 석계로13길 40,,37.6209499341225,127.061243082418,315,8
데이롱카페 광운대점,음식점 > 카페 > 테마카페 > 무인카페 > 데이롱카페,서울 노원구 광운로12길 38,,37.621302220658,127.061242238675,339,9
카페프리헷 월계현대점,음식점 > 카페 > 테마카페 > 무인카페 > 카페프리헷,서울 노원구 석계로 49,0507-1418-4353,37.6170128081547,127.062596786796,463,16
롯오브젝트,음식점 > 카페,서울 노원구 광운로3길 7,,37.619014830962605,127.05721815792296,100,9
커피정원,음식점 > 카페,서울 성북구 한천로 708,,37.6200888054192,127.053379085298,438,19
카페이공일,음식점 > 카페,서울 노원구 광운로2가길 14-16,,37.6172241794109,127.059818526685,275,12
CU 광운대원룸점,"가정,생활 > 편의점 > CU",서울 노원구 광운로15길 23,,37.62153814533509,127.05793937823357,241,11
CU 광운대점,"가정,생활 > 편의점 > CU",서울 노원구 광운로1길 60,02-909-8384,37.62039350156694,127.05498776159637,310,15
GS25 광운월계점,"가정,생활 > 편의점 > GS25",서울 노원구 광운로2나길 45,,37.6177870939132,127.060217680188,246,11
세븐일레븐 광운스퀘어점,"가정,생활 > 편의점 > 세븐일레븐",서울 노원구 광운로 20,,37.61999081299385,127.05862120221462,74,5
GS25 월계꿈의숲점,"가정,생활 > 편의점 > GS25",서울 노원구 월계로42길 97,,37.621412232406634,127.05365188736572,465,19
세븐일레븐 광운대원룸점,"가정,생활 > 편의점 > 세븐일레븐",서울 노원구 광운로2가길 23,,37.61810018357334,127.05933557310284,170,10
GS25 월계성북역점,"가정,생활 > 편의점 > GS25",서울 노원구 석계로 103,080-999-5425,37.62294498095257,127.06073837717676,452,12
GS25 광운사랑점,"가정,생활 > 편의점 > GS25",서울 노원구 광운로 17-11,,37.6195112503095,127.05726951003,88,9
GS25 광운로드점,"가정,생활 > 편의점 > GS25",서울 노원구 석계로 65,,37.6205572138281,127.0627481447,417,9
GS25 현대대로점,"가정,생활 > 편의점 > GS25",서울 노원구 석계로 49,,37.61700197646387,127.06263415568448,467,16
이마트24 광운대역점,"가정,생활 > 편의점 > 이마트24",서울 노원구 석계로 98-1,02-6010-1032,37.623221352147,127.061187175034,498,14
GS25 광운행운점,"가정,생활 > 편의점 > GS25",서울 노원구 광운로 5,080-999-5425,37.6184661312172,127.05721433937,137,9
GS25 광운문화관점,"가정,생활 > 편의점 > GS25",서울 노원구 광운로 21,02-942-2533,37.61982824130036,127.05759144242984,77,8
세븐일레븐 광운대후문점,"가정,생활 > 편의점 > 세븐일레븐",서울 노원구 석계로13길 48,,37.6212428318449,127.061094935049,324,8
CU 광운대기숙사점,"가정,생활 > 편의점 > CU",서울 노원구 광운로 21,053-857-9427,37.62148487572864,127.05630820027189,290,18
제로스토어 광운대점,"가정,생활 > 편의점",서울 노원구 광운로 15,0507-1416-3208,37.6190155528723,127.05758628477295,71,8
무명칼국수,음식점 > 한식 > 국수 > 칼국수,서울 노원구 석계로7길 4,02-941-7776,37.6167291943623,127.063909303813,578,16
연어시장 석계본점,"음식점 > 한식 > 해물,생선 > 회",서울 노원구 석계로 13,02-910-9540,37.6160406157153,127.064320999484,650,17
그레도제빵사,"음식점 > 간식 > 제과,베이커리",서울 성북구 화랑로 304,070-8290-3033,37.613436102712356,127.06218378320334,744,23
엄마마늘보쌈,"음식점 > 한식 > 육류,고기 > 족발,보쌈",서울 노원구 석계로 16,02-913-9222,37.61634956798561,127.06447983742864,643,17
마시써머거바 본점,음식점 > 간식 > 토스트,서울 노원구 화랑로 333-3,010-7571-8851,37.614946489567835,127.0649169554435,766,19
정지춘설렁탕,음식점 > 한식 > 설렁탕,서울 성북구 화랑로40길 46,02-962-9294,37.6134170840277,127.064051443479,836,24
남해바다마차,"음식점 > 한식 > 해물,생선 > 회",서울 성북구 한천로78길 71,02-966-5036,37.61356972680585,127.06501203077839,877,23
창신동매운족발 본점1호점,"음식점 > 한식 > 육류,고기 > 족발,보쌈",서울 성북구 한천로78길 57,02-966-9923,37.61297342701751,127.06473062572668,911,24
장군숯불족발,"음식점 > 한식 > 육류,고기 > 족발,보쌈",,02-941-5882,37.615019489162854,127.06322146334355,652,19
오메가생선구이 본점,"음식점 > 한식 > 해물,생선",서울 노원구 화랑로 343,02-975-5592,37.6151999618456,127.06601017182912,826,20
남송통닭,음식점 > 치킨,서울 노원구 석계로3길 30,02-916-5127,37.6162646228489,127.063281415581,562,17
서초우동 광운대역점,"음식점 > 일식 > 돈까스,우동",서울 노원구 석계로18길 23,02-941-0096,37.62388375193732,127.06085015246403,550,14
라무야끼,"음식점 > 한식 > 육류,고기",서울 노원구 석계로3길 15-1,02-909-3337,37.6157237900017,127.063727219901,630,18
라체나1907,음식점 > 양식,서울 성북구 한천로80길 63,02-6013-1907,37.61338074321254,127.06460412637425,869,23
퀸스테이크,"음식점 > 양식 > 스테이크,립",서울 노원구 석계로1길 22,02-909-3206,37.6155176041706,127.063466536001,628,19
일번지정육식당 돌곶이점,"음식점 > 한식 > 육류,고기",서울 성북구 화랑로 254,02-960-1012,37.6108975882951,127.057706873014,942,26
불맛나는직화짬뽕전문점 장위점,음식점 > 중식 > 중국요리,서울 성북구 돌곶이로 105,02-941-5051,37.612169095823205,127.05538377577903,839,23
기와집,"음식점 > 한식 > 육류,고기 > 갈비",서울 노원구 석계로 35,02-917-2111,37.617917679130045,127.06375854199334,511,14
도요스스시다온,"음식점 > 일식 > 초밥,롤",서울 성북구 한천로80길 51,,37.61299344329102,127.06437500513299,890,24
친친,음식점 > 중식 > 중국요리,서울 노원구 석계로18길 10-9,02-6229-4143,37.6236251301821,127.060924704224,526,14
원조마포소금구이 석계점,"음식점 > 한식 > 육류,고기",서울 성북구 화랑로40길 55,02-969-8292,37.6137050518025,127.064690485728,847,23
산골닭갈비,"음식점 > 한식 > 육류,고기 > 닭요리",서울 성북구 한천로78길 59,02-960-3131,37.6130707039167,127.064785075136,906,23
황금오리,"음식점 > 한식 > 육류,고기 > 오리",서울 노원구 석계로1길 22,02-909-7005,37.61550320601962,127.06343367711622,627,19
한근더한근,"음식점 > 한식 > 육류,고기",서울 성북구 한천로 605,02-918-8999,37.613059625064764,127.06018442024082,721,20
청계천8가삼성곱창,"음식점 > 한식 > 육류,고기 > 곱창,막창",서울 노원구 석계로3길 32,02-909-6660,37.6163548077667,127.063120654871,544,17
대머리식당,음식점 > 한식,서울 성북구 돌곶이로 162,02-915-9233,37.6158344635536,127.051064309237,747,23
태성식당,음식점 > 한식,서울 성북구 화랑로33길 38,02-918-6658,37.611863006749545,127.0548546302744,886,25
일번지포장마차,음식점 > 술집 > 실내포장마차,서울 노원구 화랑로 337-4,02-942-9805,37.61511372962732,127.06553891858246,797,21
캣툰 석계역점,"가정,생활 > 여가시설 > 만화방 > 만화카페 > 캣툰",서울 성북구 한천로76다길 43,02-6221-2525,37.6129885812956,127.065026248724,927,23
스타벅스 장위뉴타운점,음식점 > 카페 > 커피전문점 > 스타벅스,서울 성북구 장월로38길 4,1522-3232,37.61806331358951,127.05151211017781,613,22
마작카페 소소마장,"가정,생활 > 여가시설 > 보드카페",서울 노원구 석계로7길 18,010-5397-0066,37.61621765405028,127.06349997796345,580,17
디졸브,음식점 > 카페 > 커피전문점,서울 성북구 화랑로42길 40,02-963-6077,37.6138547898722,127.064372349789,816,23
투썸플레이스 석계역점,음식점 > 카페 > 커피전문점 > 투썸플레이스,서울 노원구 석계로1길 10,02-915-7955,37.61560644067768,127.06413487178988,666,18
후아나 석계점,음식점 > 카페 > 테마카페 > 디저트카페,서울 노원구 석계로1길 18,02-918-2885,37.6155399884749,127.063727063041,643,19
슬슬커피,음식점 > 카페 > 커피전문점,서울 노원구 석계로11길 35,02-6404-5714,37.6168269761962,127.063025910313,506,16
카페후프,음식점 > 카페,서울 성북구 장월로 126,070-8806-8488,37.6165776261971,127.049304664826,849,26
읍천리382 석계역점,음식점 > 카페 > 커피전문점 > 읍천리382,서울 노원구 석계로5길 11,010-7774-3820,37.616181439168926,127.06382501865565,606,17
호호커피집,음식점 > 카페 > 커피전문점,서울 노원구 화랑로 337-21,070-4401-8454,37.61587808549493,127.06496420392561,707,19
메가MGC커피 장위뉴타운점,음식점 > 카페 > 커피전문점 > 메가MGC커피,서울 성북구 돌곶이로40길 46,02-942-7388,37.618829544198,127.050608749392,678,24
보드게임카페 아카이브,"가정,생활 > 여가시설 > 보드카페",서울 노원구 화랑로 335,0507-1445-7604,37.61507438933431,127.0649906880022,762,19
메가MGC커피 석계역점,음식점 > 카페 > 커피전문점 > 메가MGC커피,서울 노원구 화랑로 337,02-943-7743,37.61509500586313,127.06518325419916,774,21
커피는기억의끌림,음식점 > 카페 > 커피전문점,서울 노원구 석계로 98-1,02-911-7735,37.6234196267418,127.06107632676282,512,14
할리스 석계역점,음식점 > 카페 > 커피전문점 > 할리스,서울 노원구 화랑로 325,02-942-1345,37.614984908878924,127.0638579750062,694,20
카페여백,음식점 > 카페 > 커피전문점,서울 성북구 화랑로42길 52-8,0503-7153-9351,37.613806932308115,127.0645648534682,831,23
이디야커피 석계중앙점,음식점 > 카페 > 커피전문점 > 이디야커피,서울 성북구 화랑로40길 61,02-963-2009,37.613766177154,127.064948775271,858,22
빽다방 석계역문화공원점,음식점 > 카페 > 커피전문점 > 빽다방,서울 노원구 석계로3길 3,02-943-7686,37.61555048944035,127.06430018971456,681,18
메가MGC커피 장위자이레디언트점,음식점 > 카페 > 커피전문점 > 메가MGC커피,서울 성북구 돌곶이로 105,02-911-0688,37.6122466196052,127.055301153935,833,23
조르르,음식점 > 카페,서울 성북구 한천로81길 32,070-7585-2334,37.611374070254016,127.05980024973495,898,25
GS25 장위메인점,"가정,생활 > 편의점 > GS25",서울 성북구 화랑로37길 42,,37.61353751891293,127.05763869091541,650,23
CU 장위레디언트점,"가정,생활 > 편의점 > CU",서울 성북구 돌곶이로30길 24,,37.612105659968165,127.05615955391035,828,24
GS25 장위사거리점,"가정,생활 > 편의점 > GS25",서울 성북구 돌곶이로 134,,37.6144044400917,127.053448642504,696,19
GS25 석계화랑로점,"가정,생활 > 편의점 > GS25",서울 성북구 화랑로40길 26,080-999-5425,37.613200548521,127.062931108386,799,23
CU 장위퍼스트하이점,"가정,생활 > 편의점 > CU",서울 성북구 한천로 713,,37.619261862218,127.050971506451,643,24
GS25 광운타운점,"가정,생활 > 편의점 > GS25",서울 노원구 광운로 79,,37.624350024722,127.059946576322,571,15
세븐일레븐 석계점,"가정,생활 > 편의점 > 세븐일레븐",서울 노원구 석계로 9,02-917-0777,37.61566481725314,127.06447924614001,686,17
CU 장위포레카운티점,"가정,생활 > 편의점 > CU",서울 성북구 장월로 160,,37.617999061866804,127.05215316324293,560,25
GS25 성북장위점,"가정,생활 > 편의점 > GS25",서울 성북구 화랑로33길 39,02-912-0177,37.6118721620462,127.054540910134,895,24
CU 월계코스모스점,"가정,생활 > 편의점 > CU",서울 노원구 석계로7길 18,,37.61624917826,127.063519259895,579,17
세븐일레븐 성북본점,"가정,생활 > 편의점 > 세븐일레븐",서울 성북구 한천로99길 45,,37.62041111030449,127.04982711365625,753,28
CU 월계서광점,"가정,생활 > 편의점 > CU",서울 노원구 마들로1길 44,,37.62368833081725,127.06407837960263,701,20
CU 노원월계점,"가정,생활 > 편의점 > CU",서울 노원구 월계로44가길 19,02-910-8605,37.623524318881,127.053271663575,637,23
세븐일레븐 장위푸르지오점,"가정,생활 > 편의점 > 세븐일레븐",서울 성북구 화랑로 299,,37.6136395264123,127.060838406294,676,20
이마트24 월계풍림점,"가정,생활 > 편의점 > 이마트24",서울 노원구 화랑로45길 10-16,,37.6161009648815,127.065983784668,772,19
GS25 월계석계역점,"가정,생활 > 편의점 > GS25",서울 노원구 석계로 22,080-999-5425,37.6169127347821,127.064389710595,606,16
GS25 성북꿈의숲점,"가정,생활 > 편의점 > GS25",서울 성북구 월계로36길 27,080-999-5425,37.619727191235256,127.04781723476461,922,36
CU 석관미송점,"가정,생활 > 편의점 > CU",서울 성북구 돌곶이로22길 45,02-969-6821,37.6106584178134,127.060325188976,984,28
CU 석계본점,"가정,생활 > 편의점 > CU",서울 성북구 한천로78길 71,,37.613571524419676,127.06501996063948,878,23
세븐일레븐 성북역점,"가정,생활 > 편의점 > 세븐일레븐",서울 노원구 광운로 71,,37.623700361506536,127.06004800368336,505,14
CU 석계역점,"가정,생활 > 편의점 > CU",서울 노원구 화랑로 347,02-973-0804,37.6153474950712,127.066418052865,847,21
GS25 석계한진점,"가정,생활 > 편의점 > GS25",서울 노원구 마들로 31,02-971-2520,37.618658037045094,127.06901485963648,952,30
GS25 월계미성점,"가정,생활 > 편의점 > GS25",서울 노원구 마들로 59,02-978-5695,37.6212751672267,127.067873221074,874,37
GS25 석관중앙점,"가정,생활 > 편의점 > GS25",서울 성북구 한천로76다길 46,,37.6131028798942,127.065256267383,930,24
이마트24 이마트월계점,"가정,생활 > 편의점 > 이마트24",서울 노원구 마들로3길 15,02-6916-1500,37.62650773942647,127.06197830461335,856,32
GS25 장위온누리점,"가정,생활 > 편의점 > GS25",서울 성북구 화랑로 271,02-941-7480,37.6121332147398,127.058781524894,805,23
씨스페이스24 장위자이점,"가정,생활 > 편의점 > 씨스페이스24",서울 성북구 화랑로39길 11-8,,37.6132015490846,127.059258061195,690,20
GS25 장위뉴타운점,"가정,생활 > 편의점 > GS25",서울 성북구 월계로40길 7,,37.62284529628322,127.04833916621386,956,31
세븐일레븐 장위드림점,"가정,생활 > 편의점 > 세븐일레븐",서울 성북구 장월로 113,,37.615976162673,127.048346045588,953,29
이마트24 성북돌곶이점,"가정,생활 > 편의점 > 이마트24",서울 성북구 화랑로 245,02-942-2638,37.6108909483048,127.056533522184,954,26
화돌농장 노원점,"음식점 > 한식 > 육류,고기",서울 노원구 광운로 133,02-912-5293,37.6283333023198,127.058114578353,439,23
여자만아구찜,"음식점 > 한식 > 해물,생선 > 아구",서울 노원구 석계로18길 10-8,02-941-1989,37.6235062163082,127.060892889771,251,14
애슐리퀸즈 이마트월계점,음식점 > 패밀리레스토랑 > 애슐리,서울 노원구 마들로3길 15,0507-1412-1063,37.62650323568528,127.06197603525396,403,32
우리집,음식점 > 한식,서울 노원구 광운로22길 9,02-915-0707,37.62851291849527,127.05928267666646,467,22
용궁중화요리,음식점 > 중식 > 중국요리,서울 노원구 월계로 325,02-990-1901,37.6289610764237,127.05670127383,526,26
야타이,음식점 > 일식 > 일식집,서울 노원구 석계로18길 10-6,0502-5552-5931,37.6235008757847,127.060766015809,241,14
본죽&비빔밥cafe 광운대역점,음식점 > 퓨전요리 > 퓨전한식 > 본죽&비빔밥cafe,서울 노원구 석계로 98-1,02-914-6285,37.6233006583535,127.0611498589125,281,14
전주밥상쌈밥,음식점 > 한식 > 쌈밥,서울 노원구 광운로 61,02-3292-0118,37.62296447243826,127.05961922991156,197,12
배스킨라빈스 광운대역점,음식점 > 간식 > 아이스크림 > 배스킨라빈스,서울 노원구 광운로 65,02-909-1441,37.6231642939857,127.06000905867,204,12
차이나칸,음식점 > 중식 > 중국요리,서울 성북구 월계로40길 7,02-909-2246,37.6228957394869,127.048368650512,889,31
최환기쌈밥칼국수,음식점 > 한식 > 쌈밥,서울 노원구 광운로19가길 2,02-911-5402,37.62378064715679,127.05985549760452,155,14
착한족발 월계점,"음식점 > 한식 > 육류,고기 > 족발,보쌈",서울 노원구 석계로 95,010-4655-5669,37.62295564668777,127.06102157486963,290,13
호시아카리,"음식점 > 일식 > 초밥,롤",서울 노원구 석계로 98-1,070-8747-1697,37.62331598687177,127.06112721623848,278,14
명랑핫도그 광운대점,음식점 > 패스트푸드 > 명랑핫도그,서울 노원구 석계로 106,02-919-6488,37.62310822645583,127.06041340834153,236,12
돈장군 광운대본점,"음식점 > 한식 > 육류,고기",서울 노원구 광운로 69,02-941-8276,37.6234201402204,127.0600760973566,192,13
큰맘할매순대국 광운대점,음식점 > 한식 > 순대 > 큰맘할매순대국,서울 노원구 광운로 67,02-942-1479,37.6232723708939,127.06009070433,202,13
스타벅스 월계역점,음식점 > 카페 > 커피전문점 > 스타벅스,서울 노원구 초안산로2라길 26,1522-3232,37.62943828633148,127.0573484962675,567,27
스타벅스 월계트레이더스점,음식점 > 카페 > 커피전문점 > 스타벅스,서울 노원구 마들로3길 17,1522-3232,37.62759082697573,127.06178435781577,472,28
스타벅스 월계이마트점,음식점 > 카페 > 커피전문점 > 스타벅스,서울 노원구 마들로3길 15,1522-3232,37.6271527835984,127.062096653474,457,28
메가MGC커피 노원월계초점,음식점 > 카페 > 커피전문점 > 메가MGC커피,서울 노원구 월계로45길 37,02-900-1007,37.62701059314579,127.05041038862737,752,37
컴포즈커피 월계인덕대점,음식점 > 카페 > 커피전문점 > 컴포즈커피,서울 노원구 초안산로2라길 26,,37.62935732559807,127.05708447925561,562,27
빽다방 월계인덕대점,음식점 > 카페 > 커피전문점 > 빽다방,서울 노원구 월계로 334,02-6014-0087,37.6290182983223,127.057612127163,518,26
이디야커피 월계인덕점,음식점 > 카페 > 커피전문점 > 이디야커피,서울 노원구 광운로22길 39,02-914-7413,37.6298177655118,127.058845296202,605,24
날보러와요,음식점 > 카페,서울 노원구 초안산로2라길 37,010-6289-3328,37.631039720516,127.058406702722,739,26
공차 월계점,음식점 > 카페 > 공차,서울 노원구 마들로3길 15,02-973-6885,37.6265473970983,127.061951150089,404,31
아망프라이빗,"가정,생활 > 유아 > 놀이시설 > 키즈카페",서울 노원구 월계로 294,,37.6268792218314,127.054089685118,461,30
빽다방 월계롯데캐슬루나점,음식점 > 카페 > 커피전문점 > 빽다방,서울 노원구 월계로45길 21,070-4333-8234,37.62666174478244,127.05079870766627,706,36
메가MGC커피 월계사슴점,음식점 > 카페 > 커피전문점 > 메가MGC커피,서울 노원구 월계로 370,02-6959-9787,37.63110782523713,127.06092061627596,782,31
메가MGC커피 번동중앙점,음식점 > 카페 > 커피전문점 > 메가MGC커피,서울 성북구 월계로40길 7,02-942-8887,37.62308051458416,127.04819092722265,900,31
노원경춘마루,음식점 > 카페,서울 노원구 중랑천서자전거길 1346,,37.63071333849806,127.06404929166159,868,34
카페한나,음식점 > 카페 > 테마카페 > 무인카페,서울 노원구 마들로1길 44,,37.623634313423,127.064001305124,513,20
GS25 인덕대후문점,"가정,생활 > 편의점 > GS25",서울 노원구 초안산로 19,,37.6295497087968,127.0541697875,678,31
GS25 월계대양점,"가정,생활 > 편의점 > GS25",서울 노원구 월계로 334,,37.62900483547959,127.05750562907016,517,26
CU 월계주공점,"가정,생활 > 편의점 > CU",서울 노원구 초안산로 7,,37.6285961168576,127.054923567969,553,30
GS25 월계주공점,"가정,생활 > 편의점 > GS25",서울 노원구 월계로45길 28,,37.6267183065549,127.051262066762,670,37
CU 월계삼호점,"가정,생활 > 편의점 > CU",서울 노원구 마들로 127,02-973-6939,37.626737463901456,127.06536787315697,679,26
CU 월계롯데점,"가정,생활 > 편의점 > CU",서울 노원구 월계로45길 21,02-999-6266,37.6266852522124,127.05060841112984,722,39
이마트24 월계예지점,"가정,생활 > 편의점 > 이마트24",서울 노원구 초안산로1길 18,070-7700-2020,37.62874940438236,127.05062680337637,830,41
GS25 월계중앙점,"가정,생활 > 편의점 > GS25",서울 노원구 월계로 370,,37.631225764728,127.061094043431,799,31
CU 월계사슴점,"가정,생활 > 편의점 > CU",서울 노원구 월계로55길 3,,37.63176303007208,127.060555227742,844,32
이마트24 R인덕대학교점,"가정,생활 > 편의점 > 이마트24",서울 노원구 초안산로 12,02-6916-1500,37.630342406204974,127.05453967788125,738,32
이마트24 인덕대후문점,"가정,생활 > 편의점 > 이마트24",서울 노원구 초안산로2라길 1,,37.6321458482911,127.057144389863,867,29
GS25 월계타운점,"가정,생활 > 편의점 > GS25",서울 노원구 월계로53길 65,,37.6331335253236,127.058580543838,971,30
세븐일레븐 공릉풍림점,"가정,생활 > 편의점 > 세븐일레븐",서울 노원구 섬밭로 139,,37.6285559076079,127.068106409617,984,53
스토리웨이,"가정,생활 > 편의점",서울 노원구 석계로 98-2,,37.6236870074235,127.061485474466,294,15
이우철한방누룽지삼계탕,"음식점 > 한식 > 육류,고기 > 닭요리 > 삼계탕",서울 성북구 화랑로 237,02-941-7119,37.6105381410451,127.055733662314,481,28
조성용이웃사촌,"음식점 > 한식 > 육류,고기 > 삼겹살",서울 성북구 한천로76길 18,02-966-2547,37.61110623089293,127.06371308642247,602,27
시장떡볶이,음식점 > 분식 > 떡볶이,서울 성북구 돌곶이로22가길 27,02-965-3719,37.60931787819063,127.06006588501718,583,32
서민스시,"음식점 > 일식 > 초밥,롤",서울 성북구 화랑로25길 20,02-912-0912,37.6095595120471,127.052129148732,761,34
중화요리동우당,음식점 > 중식 > 중국요리,서울 성북구 돌곶이로 99,02-943-2182,37.6118355952225,127.055670073071,363,24
웃소한우,"음식점 > 한식 > 육류,고기",서울 성북구 한천로 594,0502-5552-0859,37.61233994895667,127.06151690460449,365,22
어제그쭈꾸미집,"음식점 > 한식 > 해물,생선",서울 성북구 한천로76길 33-12,02-965-3302,37.6119463598927,127.064621006964,622,26
백이손두부,음식점 > 한식 > 두부전문점,서울 성북구 한천로78길 24,,37.6117233168061,127.063882368126,577,27
수양숯불갈비,"음식점 > 한식 > 육류,고기 > 갈비",서울 성북구 화랑로40길 53,02-965-2009,37.61361692467416,127.06438007304966,546,23
김과장고깃집 석계점,"음식점 > 한식 > 육류,고기",서울 성북구 한천로78길 46,0502-5550-9114,37.612561669774,127.064740462214,606,24
재한루,음식점 > 중식,서울 성북구 한천로78길 19,02-960-3362,37.6116874729,127.063519910229,552,26
황가네소곱창,"음식점 > 한식 > 육류,고기 > 곱창,막창",서울 성북구 한천로78길 32,,37.611985334194756,127.0641963195779,587,25
조마루감자탕 석관점,음식점 > 한식 > 감자탕 > 조마루감자탕,서울 성북구 화랑로 262,02-960-6953,37.6112684927407,127.058323282464,345,26
버거킹 석관점,음식점 > 패스트푸드 > 버거킹,서울 성북구 돌곶이로 50,070-5138-3074,37.6085648902672,127.059594143753,655,32
창신동매운족발 석계점,"음식점 > 한식 > 육류,고기 > 족발,보쌈",서울 성북구 한천로78길 52,02-959-8033,37.61267064272952,127.06482550168376,609,24
바코삼겹살 돌곶이역직영점,"음식점 > 한식 > 육류,고기 > 삼겹살",서울 성북구 돌곶이로 76-1,02-960-5993,37.6104326736757,127.057715574323,440,28
상록회관 돌곶이점,"음식점 > 한식 > 육류,고기 > 상록회관",서울 성북구 화랑로 275,02-909-3339,37.6123410590705,127.059349118607,245,22
자연숯불화로 돌곶이점,"음식점 > 한식 > 육류,고기",서울 성북구 돌곶이로22길 10,0503-7150-7176,37.6099601651585,127.05850800045133,490,30
고랭 돌곶이점,음식점 > 아시아음식 > 동남아음식,서울 성북구 화랑로32길 31,02-959-9909,37.609031161505,127.05683563649747,606,31
고메스퀘어 서울장위월곡점,음식점 > 뷔페 > 고메스퀘어,서울 성북구 화랑로 202,02-962-1175,37.60820601435,127.052606132754,847,35
오장동불고기냉면,"음식점 > 한식 > 육류,고기 > 불고기,두루치기",서울 성북구 화랑로 268,02-967-8003,37.6115277391549,127.058803699991,320,25
헬로방방 돌곶이역점,"가정,생활 > 유아 > 놀이시설 > 키즈카페",서울 성북구 화랑로 248,02-959-0077,37.6103970213713,127.056918220605,457,28
시저지,음식점 > 카페,서울 성북구 화랑로32길 59,070-4042-7774,37.607972075586204,127.05770801031778,712,33
투썸플레이스 돌곶이역점,음식점 > 카페 > 커피전문점 > 투썸플레이스,서울 성북구 화랑로 237,02-6953-9223,37.61040122548596,127.05565994337545,497,28
타입커피,음식점 > 카페 > 커피전문점,서울 성북구 화랑로32길 38,02-6956-3238,37.6087103919527,127.05687163369,640,31
메가MGC커피 석관지구대사거리점,음식점 > 카페 > 커피전문점 > 메가MGC커피,서울 성북구 돌곶이로22길 79,02-6956-1502,37.611034994215146,127.06213308321588,504,26
카페 아노츠,음식점 > 카페,서울 성북구 돌곶이로22길 33,0502-5550-1810,37.61053434710727,127.05980297507763,447,29
오오티,음식점 > 카페 > 커피전문점,서울 성북구 화랑로32가길 9,010-5464-4747,37.6092081774792,127.055952384105,609,30
고롱,음식점 > 카페 > 테마카페 > 고양이카페,서울 성북구 돌곶이로 49,,37.6083172199038,127.059392355088,680,32
메가MGC커피 돌곶이역점,음식점 > 카페 > 커피전문점 > 메가MGC커피,서울 성북구 돌곶이로 66,070-7576-3510,37.6096213978393,127.058498674644,528,30
빽다방 장위자이레디언트점,음식점 > 카페 > 커피전문점 > 빽다방,서울 성북구 돌곶이로30길 24,02-942-1007,37.61220029877509,127.0560860065367,308,23
라라제이,음식점 > 카페,서울 성북구 돌곶이로22길 8,0507-1370-6048,37.60995392105003,127.05838114896804,491,30
더벤티 돌곶이역점,음식점 > 카페 > 커피전문점 > 더벤티,서울 성북구 화랑로 245,070-8211-2388,37.61079908702633,127.05645077491654,428,27
돌곶이프레소,음식점 > 카페 > 테마카페 > 무인카페,서울 성북구 화랑로 277,010-9019-6137,37.6125644300633,127.059496533917,228,22
럭키스팟 한예종점,음식점 > 카페 > 테마카페 > 무인카페,서울 성북구 화랑로32길 17,,37.6095341127855,127.056420372457,561,30
백억커피 돌곶이점,음식점 > 카페 > 커피전문점,서울 성북구 돌곶이로 101,0502-5551-8039,37.6119626597115,127.055616936089,355,24
컴포즈커피 석관시장점,음식점 > 카페 > 커피전문점 > 컴포즈커피,서울 성북구 돌곶이로18길 4,02-6083-6789,37.60899850804697,127.05911315837304,601,31
감꽃,음식점 > 카페 > 테마카페 > 디저트카페,서울 성북구 돌곶이로22길 7,,37.6102422475591,127.058360988208,459,29
슈퍼키즈스카이방방 서울석관점,"가정,생활 > 유아 > 놀이시설 > 키즈카페",서울 성북구 돌곶이로 51,02-957-7707,37.6084353280218,127.05923615906,665,32
빽다방 석계중앙점,음식점 > 카페 > 커피전문점 > 빽다방,서울 성북구 한천로78길 63,02-960-7686,37.6132508567677,127.064866779256,596,23
이리카페&파스타,음식점 > 카페,서울 성북구 화랑로32길 111,070-8161-7864,37.6059413829699,127.059247771279,940,38
라파파라,음식점 > 카페 > 커피전문점,서울 성북구 한천로78길 49,02-959-0304,37.61268519949226,127.0645684140655,587,24
CU 석관예술점,"가정,생활 > 편의점 > CU",서울 성북구 화랑로32길 11,1577-8007,37.6096873333773,127.056310630383,548,29
GS25 장위화랑점,"가정,생활 > 편의점 > GS25",서울 성북구 돌곶이로27길 59-7,080-999-5425,37.6105213380207,127.05309476755278,625,28
CU 성북석관점,"가정,생활 > 편의점 > CU",서울 성북구 한천로76길 30,,37.6111752177852,127.064430066733,650,28
GS25 성북한천로점,"가정,생활 > 편의점 > GS25",서울 성북구 한천로 572,02-965-5152,37.6108083873375,127.062998179541,576,26
GS25 성북석관점,"가정,생활 > 편의점 > GS25",서울 성북구 돌곶이로 46,,37.608276438502,127.059861191492,691,33
GS25 S6돌곶이역점,"가정,생활 > 편의점 > GS25",서울 성북구 화랑로 지하 243,,37.61055222857029,127.05642453926866,454,27
GS25 석관미소점,"가정,생활 > 편의점 > GS25",서울 성북구 돌곶이로8바길 39,02-959-0920,37.6089591521158,127.06375315898,772,31
이마트24 석관한천점,"가정,생활 > 편의점 > 이마트24",서울 성북구 한천로78길 49,070-4120-8741,37.612685200112,127.064567281466,587,24
세븐일레븐 석관초교점,"가정,생활 > 편의점 > 세븐일레븐",서울 성북구 돌곶이로22길 28,,37.6101939193561,127.059513899058,477,30
CU 상월곡본점,"가정,생활 > 편의점 > CU",서울 성북구 화랑로21길 65,,37.6090513001427,127.052251108912,794,34
GS25 석관파밀리에점,"가정,생활 > 편의점 > GS25",서울 성북구 화랑로 210-6,,37.60833448079346,127.0534409010303,794,34
이마트24 석관중앙점,"가정,생활 > 편의점 > 이마트24",서울 성북구 한천로71길 26,02-962-7646,37.6089597705132,127.06259796488,712,31
GS25 석관한예종점,"가정,생활 > 편의점 > GS25",서울 성북구 화랑로32길 44,,37.6084697491682,127.057034535695,664,32
CU 석관늘푸른에버그린점,"가정,생활 > 편의점 > CU",서울 성북구 한천로69길 17,1577-8007,37.6079534643934,127.06409205913,879,32
CU 장위으뜸점,"가정,생활 > 편의점 > CU",서울 성북구 장월로8길 42,,37.6103496804747,127.050045780844,852,32
세븐일레븐 장위화랑점,"가정,생활 > 편의점 > 세븐일레븐",서울 성북구 화랑로19길 68,,37.6092456364618,127.050823101652,869,31
소문난멸치국수 공릉동본점,음식점 > 한식 > 국수,서울 노원구 동일로173가길 81,02-973-4337,37.621904042910145,127.07244213343556,857,40
하회정,음식점 > 한식 > 국수,서울 노원구 동일로173가길 131,02-977-7005,37.6239794475717,127.071736165205,905,44
최대포소금구이,"음식점 > 한식 > 육류,고기",서울 노원구 석계로7길 14,,37.6163473444505,127.063596363995,337,16
달달토스트&버거,음식점 > 간식 > 토스트,서울 성북구 화랑로 338-2,,37.61457219872329,127.06560526840636,572,20
미가양꼬치,음식점 > 중식 > 양꼬치,서울 노원구 석계로 31,02-942-3432,37.6175401053181,127.063869221622,210,14
석계3층집,"음식점 > 한식 > 육류,고기 > 오리",서울 노원구 석계로 21,02-942-3752,37.6166569801302,127.064158427311,312,16
인생꼬치479,"음식점 > 술집 > 호프,요리주점",서울 노원구 석계로 15,0507-1383-4790,37.61614513955888,127.06430409972943,370,17
춘보만두,음식점 > 분식,서울 노원구 섬밭로 56,02-975-2407,37.6219179323328,127.071829334439,807,40
교촌치킨 석계역점,음식점 > 치킨 > 교촌치킨,서울 노원구 석계로 31,02-909-9229,37.61751126329202,127.06388845239921,214,14
KFC 석계역점,음식점 > 패스트푸드 > KFC,서울 노원구 석계로1길 14,02-2039-5859,37.61552365612336,127.06393885339827,431,19
햇살머믄꼬마김밥 석계역점,음식점 > 분식,서울 노원구 화랑로45길 42,02-977-2236,37.6169302666552,127.065277734779,324,17
오누이,음식점 > 카페,서울 노원구 동일로187길 12-47,,37.62462055418875,127.0723847321775,993,47
스타벅스 공릉DT점,음식점 > 카페 > 커피전문점 > 스타벅스,서울 노원구 동일로 1015,1522-3232,37.620790371073866,127.07426417069411,983,42
이너모스트,음식점 > 카페,서울 노원구 동일로183길 12-14,,37.623807505153565,127.07296731978964,987,47
스타쿠빙,음식점 > 카페,서울 노원구 동일로 1019,02-949-1885,37.6210911678717,127.074189143513,983,41
마스트리스보트,음식점 > 카페,서울 노원구 섬밭로 16,0503-7150-7149,37.6181953921356,127.072744359689,847,33
카세트66,음식점 > 카페,서울 노원구 화랑로47길 9,0502-5552-3914,37.615733882818276,127.0666596502377,503,22
카페 늘온,음식점 > 카페 > 테마카페 > 무인카페,서울 노원구 화랑로47길 23,,37.6161582646977,127.066630580111,464,20
CU 월계그랑빌점,"가정,생활 > 편의점 > CU",서울 노원구 마들로 31,,37.615818366701,127.0685965532958,614,26
GS25 S6석계역점,"가정,생활 > 편의점 > GS25",서울 노원구 화랑로 지하 347-1,02-979-2638,37.61519327987579,127.0666772898625,553,21
CU 공릉녹주점,"가정,생활 > 편의점 > CU",서울 노원구 동일로177길 29,070-8648-0400,37.62060006319697,127.07284978016793,857,39
세븐일레븐 성북두산점,"가정,생활 > 편의점 > 세븐일레븐",서울 성북구 화랑로48길 16,,37.61238508754415,127.06947342645206,950,31
GS25 공릉퍼스트점,"가정,생활 > 편의점 > GS25",서울 노원구 섬밭로 6,,37.61732222560773,127.0729213382804,882,32
이마트24 태릉입구역점,"가정,생활 > 편의점 > 이마트24",서울 노원구 화랑로 419-11,02-3394-8711,37.6177794147736,127.073746373967,942,34
GS25 공릉중앙점,"가정,생활 > 편의점 > GS25",서울 노원구 동일로173가길 28,02-949-1151,37.6196391937507,127.073521669774,906,38
GS25 공릉문화점,"가정,생활 > 편의점 > GS25",서울 노원구 동일로179길 23,,37.6217803881335,127.072798825967,882,41
드림랜드,음식점 > 분식,서울 성북구 월계로 166,02-906-4198,37.61885005425222,127.04442425496079,782,35
장위기사식당,음식점 > 기사식당,서울 성북구 돌곶이로 215,02-917-4009,37.6185214694242,127.046055131414,643,32
털보정육식당,"음식점 > 한식 > 육류,고기",서울 성북구 돌곶이로 157,02-909-1979,37.615456044641,127.051073111597,476,23
온량,음식점 > 양식,서울 성북구 돌곶이로41가길 14-8,,37.6186967493366,127.044786625033,752,36
담가화로구이 번동점,"음식점 > 한식 > 육류,고기",서울 강북구 월계로 195,02-969-1717,37.6216336823401,127.045535992662,726,37
맥도날드 서울번동DT점,음식점 > 패스트푸드 > 맥도날드,서울 강북구 월계로 191,02-6224-2100,37.62117067513775,127.04527518257626,732,38
지화자,음식점 > 한식,서울 성북구 돌곶이로 197,02-917-0217,37.6175963944042,127.0477195928,527,29
온정집 장위점,"음식점 > 한식 > 육류,고기",서울 성북구 장월로 148,02-909-8808,37.6178985329858,127.051282062581,239,22
갯마을바지락칼국수,음식점 > 한식 > 국수 > 칼국수,서울 성북구 장위로 121,02-917-3024,37.613495859733064,127.05022004630105,706,25
해주반,음식점 > 한식 > 감자탕,서울 성북구 돌곶이로 185-1,02-942-7597,37.61700769295795,127.04859250196431,489,28
메밀의 정석,음식점 > 한식 > 국수,서울 성북구 장월로 120,02-3298-0077,37.6163011370925,127.049030379712,506,27
파피토,음식점 > 양식,서울 성북구 돌곶이로37길 14,02-941-9680,37.6170126342496,127.047521003183,570,30
정담초밥 장위점,"음식점 > 일식 > 초밥,롤",서울 성북구 장월로 144,02-942-7773,37.61771216934038,127.05095685641248,275,23
돌쌈,음식점 > 한식 > 쌈밥,서울 성북구 장월로26길 11,02-909-6665,37.61737790776254,127.05094530158078,302,24
60계치킨 서울장위뉴타운점,음식점 > 치킨 > 60계치킨,서울 성북구 돌곶이로40길 46,02-909-6043,37.62012113251409,127.04949390247536,342,26
배스킨라빈스 장위래미안점,음식점 > 간식 > 아이스크림 > 배스킨라빈스,서울 성북구 한천로99길 45,02-909-7024,37.62035075180222,127.04980894990817,323,26
파리바게뜨 장위뉴타운점,"음식점 > 간식 > 제과,베이커리 > 파리바게뜨",서울 성북구 한천로 713,02-942-5627,37.61959537145436,127.05063758612393,233,24
화포식당 장위뉴타운점,"음식점 > 한식 > 육류,고기",서울 성북구 돌곶이로40길 46,02-909-1284,37.6201229254656,127.049515425214,340,26
짬뽕관 장위뉴타운점,음식점 > 중식 > 중국요리 > 짬뽕관,서울 성북구 월계로36길 27,02-909-4132,37.61985770085404,127.04814580399481,455,29
나들목기사식당,음식점 > 기사식당,서울 성북구 돌곶이로 217,02-912-5009,37.618596301728296,127.04592605091376,653,32
육회바른연어 장위뉴타운점,"음식점 > 한식 > 해물,생선 > 회 > 육회바른연어",서울 성북구 한천로 713,02-942-8886,37.62001721364491,127.05021650354267,278,25
오블랑쉬,"음식점 > 간식 > 제과,베이커리",서울 성북구 돌곶이로40길 46,070-7809-8403,37.617703337491676,127.04839360362661,468,28
써브웨이 장위뉴타운점,음식점 > 패스트푸드 > 샌드위치 > 써브웨이,서울 성북구 돌곶이로40길 46,02-941-0678,37.61767992573921,127.04835960817046,472,28
우리풍천장어,"음식점 > 한식 > 해물,생선 > 장어",서울 성북구 장월로 148-1,02-911-0908,37.61798047950422,127.0513817947584,227,22
옹심이네칼국수,음식점 > 한식 > 국수 > 칼국수,서울 성북구 장월로32길 5,02-914-1742,37.6175751506231,127.051115337331,275,23
군산아구찜탕,"음식점 > 한식 > 해물,생선 > 아구",서울 성북구 돌곶이로 164,02-916-6263,37.6160039334442,127.050869609218,430,23
투썸플레이스 북서울꿈의숲점,음식점 > 카페 > 커피전문점 > 투썸플레이스,서울 강북구 월계로 183,02-542-7711,37.62050405409915,127.04498820042753,741,37
세린,음식점 > 카페,서울 성북구 장월로 119,,37.6164093556387,127.04878919487157,514,28
별콩다방,음식점 > 카페,서울 성북구 장월로 136,010-7512-7347,37.61723943936131,127.05028372818309,354,24
무키무키 장위점,"가정,생활 > 유아 > 놀이시설 > 키즈카페",서울 성북구 장위로21다길 76,02-3292-7009,37.6168957770917,127.046842462963,630,31
하늘꿈터,음식점 > 카페,서울 성북구 장위로15길 73,0502-5551-1241,37.6168996148168,127.043890742322,871,38
컴포즈커피 꿈의숲아이파크점,음식점 > 카페 > 커피전문점 > 컴포즈커피,서울 성북구 돌곶이로40길 46,02-6498-8468,37.61741392059956,127.0488781996837,444,28
메가MGC커피 북서울꿈의숲점,음식점 > 카페 > 커피전문점 > 메가MGC커피,서울 성북구 돌곶이로 220,02-912-8982,37.61927745983638,127.04589701969157,650,33
이디야커피 장위뉴타운점,음식점 > 카페 > 커피전문점 > 이디야커피,서울 성북구 장월로 144-1,02-909-4385,37.6177301587552,127.051027094653,269,23
버터글로브,음식점 > 카페 > 테마카페 > 디저트카페,서울 성북구 돌곶이로41가길 14-12,02-6339-7756,37.61867434244862,127.04447512151731,779,36
빽다방 장위뉴타운점,음식점 > 카페 > 커피전문점 > 빽다방,서울 성북구 장월로 140,02-941-1016,37.617496058593325,127.05066334654818,310,23
이디야커피 장위동점,음식점 > 카페 > 커피전문점 > 이디야커피,서울 성북구 월계로40길 7,02-943-9094,37.623173269920365,127.04830426304194,607,31
빽다방 북서울꿈의숲점,음식점 > 카페 > 커피전문점 > 빽다방,서울 성북구 돌곶이로 220,02-943-7555,37.6192161613785,127.045977403667,643,33
우지커피 장위뉴타운점,음식점 > 카페 > 커피전문점 > 우지커피,서울 성북구 한천로 713,,37.61921679325695,127.05101678365784,199,24
카페차이 장위뉴타운점,음식점 > 카페 > 커피전문점,서울 성북구 돌곶이로 211,,37.6184222730339,127.046279342323,625,32
카페인24 꿈의숲 SK뷰점,음식점 > 카페 > 테마카페 > 무인카페 > 카페인24,서울 노원구 월계로44길 68-6,0506-429-0611,37.622302010715,127.052532240842,330,19
GS25 장위신일점,"가정,생활 > 편의점 > GS25",서울 성북구 월계로 172,080-999-5425,37.6193093929674,127.044860618079,742,34
CU 장위1동점,"가정,생활 > 편의점 > CU",서울 성북구 장위로21나길 50,02-1577-8007,37.6163665557702,127.045410453575,769,36
GS25 장위에덴점,"가정,생활 > 편의점 > GS25",서울 성북구 장월로21길 22-6,080-999-5425,37.6156812020125,127.046950435036,692,32
세븐일레븐 꿈의숲아트센터점,"가정,생활 > 편의점 > 세븐일레븐",서울 강북구 월계로 173,,37.6202547317687,127.04432427911,795,36
이마트24 R꿈의숲아이파크점,"가정,생활 > 편의점 > 이마트24",서울 성북구 돌곶이로40길 46,02-941-7770,37.618108138045486,127.04776296179594,505,29
CU 장위베스트점,"가정,생활 > 편의점 > CU",서울 성북구 장위로28길 41,02-941-1546,37.6121526920397,127.047546225379,947,31
GS25 장위동방점,"가정,생활 > 편의점 > GS25",서울 성북구 장위로 83-1,,37.6140201243055,127.04607500759,869,32
GS25 번동1단지점,"가정,생활 > 편의점 > GS25",서울 강북구 한천로105길 33,080-999-5425,37.625602357110445,127.04598360250411,943,37
세븐일레븐 장위은하수점,"가정,생활 > 편의점 > 세븐일레븐",서울 성북구 장위로 104,,37.6135795432202,127.048321841714,777,28
